{
  "strategy_id": "benchmark_4",
  "timestamp": "2025-12-13T08:10:34.394496",
  "config": {
    "expected_count": 1000,
    "warmup_ticks": 0,
    "outlier_threshold_us": 1000
  },
  "results": {
    "total_ticks": 1000,
    "valid_samples": 1000,
    "duration_seconds": 3.2194130420684814
  },
  "data_integrity": {
    "no_timestamp_count": 0,
    "negative_latency_count": 0,
    "no_timestamp_ticks": [],
    "coverage_pct": 100.0
  },
  "latency_stats": {
    "count": 1000,
    "mean_us": 234.050197,
    "median_us": 235.42849999999999,
    "stdev_us": 57.75581067477879,
    "min_us": 143.569,
    "max_us": 959.225,
    "p50_us": 235.448,
    "p90_us": 296.669,
    "p95_us": 304.259,
    "p99_us": 359.598,
    "p999_us": 959.225,
    "outlier_count": 0,
    "outlier_pct": 0.0
  },
  "outliers": []
}