{
  "strategy_id": "benchmark_4",
  "timestamp": "2025-12-13T07:59:03.324002",
  "config": {
    "expected_count": 1000,
    "warmup_ticks": 0,
    "outlier_threshold_us": 1000
  },
  "results": {
    "total_ticks": 1000,
    "valid_samples": 1000,
    "duration_seconds": 100.14409303665161
  },
  "data_integrity": {
    "no_timestamp_count": 0,
    "negative_latency_count": 0,
    "no_timestamp_ticks": [],
    "coverage_pct": 100.0
  },
  "latency_stats": {
    "count": 1000,
    "mean_us": 262.23189,
    "median_us": 256.11199999999997,
    "stdev_us": 72.15621050098018,
    "min_us": 150.178,
    "max_us": 1319.833,
    "p50_us": 256.157,
    "p90_us": 335.166,
    "p95_us": 368.365,
    "p99_us": 454.825,
    "p999_us": 1319.833,
    "outlier_count": 1,
    "outlier_pct": 0.1
  },
  "outliers": [
    {
      "tick": 503,
      "latency_us": 1319.833,
      "method": "timestamp"
    }
  ]
}