{
  "strategy_id": "benchmark_4",
  "timestamp": "2025-12-13T08:07:51.714168",
  "config": {
    "expected_count": 1000,
    "warmup_ticks": 0,
    "outlier_threshold_us": 1000
  },
  "results": {
    "total_ticks": 1000,
    "valid_samples": 1000,
    "duration_seconds": 12.201488018035889
  },
  "data_integrity": {
    "no_timestamp_count": 0,
    "negative_latency_count": 0,
    "no_timestamp_ticks": [],
    "coverage_pct": 100.0
  },
  "latency_stats": {
    "count": 1000,
    "mean_us": 228.20248899999999,
    "median_us": 228.834,
    "stdev_us": 47.447527244562515,
    "min_us": 137.999,
    "max_us": 364.478,
    "p50_us": 229.009,
    "p90_us": 291.998,
    "p95_us": 301.308,
    "p99_us": 316.008,
    "p999_us": 364.478,
    "outlier_count": 0,
    "outlier_pct": 0.0
  },
  "outliers": []
}