{
  "strategy_id": "benchmark_5",
  "timestamp": "2025-12-13T08:07:51.714217",
  "config": {
    "expected_count": 1000,
    "warmup_ticks": 0,
    "outlier_threshold_us": 1000
  },
  "results": {
    "total_ticks": 1000,
    "valid_samples": 1000,
    "duration_seconds": 11.903016328811646
  },
  "data_integrity": {
    "no_timestamp_count": 0,
    "negative_latency_count": 0,
    "no_timestamp_ticks": [],
    "coverage_pct": 100.0
  },
  "latency_stats": {
    "count": 1000,
    "mean_us": 231.033708,
    "median_us": 230.65800000000002,
    "stdev_us": 47.184685124020795,
    "min_us": 140.569,
    "max_us": 370.018,
    "p50_us": 230.728,
    "p90_us": 294.299,
    "p95_us": 302.028,
    "p99_us": 319.858,
    "p999_us": 370.018,
    "outlier_count": 0,
    "outlier_pct": 0.0
  },
  "outliers": []
}