{
  "strategy_id": "latency_test_1",
  "timestamp": "2025-12-13T14:36:28.838120",
  "duration_seconds": 99.54313015937805,
  "ticker_count": 959,
  "orders_sent": 100,
  "orders_received": 100,
  "market_data_latency_raw": {
    "count": 910,
    "mean_us": 1495.9582417582417,
    "median_us": 839.0,
    "min_us": 744.0,
    "max_us": 184887.0,
    "p50_us": 839.0,
    "p90_us": 964.0,
    "p99_us": 17497.0
  },
  "market_data_latency_filtered": {
    "count": 846,
    "mean_us": 848.9243498817967,
    "median_us": 834.0,
    "min_us": 744.0,
    "max_us": 998.0,
    "p50_us": 834.0,
    "p90_us": 931.0,
    "p99_us": 986.0
  },
  "order_rtt_latency": {
    "count": 100,
    "mean_us": 25088016.95,
    "median_us": 25149673.5,
    "min_us": 1028234.0,
    "max_us": 47649492.0,
    "p50_us": 25782031.0,
    "p90_us": 44011112.0,
    "p99_us": 47649492.0
  }
}