{
  "strategy_id": "latency_test_1",
  "timestamp": "2025-12-12T16:44:21.569601",
  "duration_seconds": 26.373655796051025,
  "ticker_count": 52,
  "orders_sent": 10,
  "orders_received": 10,
  "market_data_latency": {
    "count": 52,
    "mean_us": 877.3846153846154,
    "median_us": 205.0,
    "min_us": 120.0,
    "max_us": 33589.0,
    "p50_us": 205.0,
    "p90_us": 383.0,
    "p99_us": 33589.0
  },
  "order_rtt_latency": {
    "count": 10,
    "mean_us": 936907.8,
    "median_us": 875320.5,
    "min_us": 808597.0,
    "max_us": 1375956.0,
    "p50_us": 877465.0,
    "p90_us": 1375956.0,
    "p99_us": 1375956.0
  }
}