{
  "strategy_id": "latency_test_1",
  "timestamp": "2025-12-12T16:33:27.864166",
  "duration_seconds": 26.226768255233765,
  "ticker_count": 51,
  "orders_sent": 10,
  "orders_received": 10,
  "market_data_latency": {
    "count": 51,
    "mean_us": 1763321099318125.2,
    "median_us": 1763321099315621.5,
    "min_us": 1763321099315321.0,
    "max_us": 1763321099425026.0,
    "p50_us": 1763321099315621.5,
    "p90_us": 1763321099315923.0,
    "p99_us": 1763321099425026.0
  },
  "order_rtt_latency": {
    "count": 10,
    "mean_us": 936922.1,
    "median_us": 901758.0,
    "min_us": 860698.0,
    "max_us": 1235801.0,
    "p50_us": 905400.0,
    "p90_us": 1235801.0,
    "p99_us": 1235801.0
  }
}