{
  "strategy_id": "latency_test_1",
  "timestamp": "2025-12-12T16:53:51.726707",
  "duration_seconds": 26.627976894378662,
  "ticker_count": 53,
  "orders_sent": 10,
  "orders_received": 10,
  "market_data_latency_raw": {
    "count": 44,
    "mean_us": 339.5681818181818,
    "median_us": 205.5,
    "min_us": 154.0,
    "max_us": 3559.0,
    "p50_us": 207.0,
    "p90_us": 375.0,
    "p99_us": 3559.0
  },
  "market_data_latency_filtered": {
    "count": 42,
    "mean_us": 231.28571428571428,
    "median_us": 203.5,
    "min_us": 154.0,
    "max_us": 578.0,
    "p50_us": 204.0,
    "p90_us": 292.0,
    "p99_us": 578.0
  },
  "order_rtt_latency": {
    "count": 10,
    "mean_us": 1137238.7,
    "median_us": 913635.0,
    "min_us": 837158.0,
    "max_us": 1990435.0,
    "p50_us": 929362.0,
    "p90_us": 1990435.0,
    "p99_us": 1990435.0
  }
}