{
  "strategy_id": "latency_test_1",
  "timestamp": "2025-12-12T16:38:38.359713",
  "duration_seconds": 26.25904607772827,
  "ticker_count": 52,
  "orders_sent": 10,
  "orders_received": 10,
  "market_data_latency": {
    "count": 52,
    "mean_us": 1763321099311180.0,
    "median_us": 1763321099309710.8,
    "min_us": 1763321099309377.2,
    "max_us": 1763321099360589.2,
    "p50_us": 1763321099309711.0,
    "p90_us": 1763321099309914.0,
    "p99_us": 1763321099360589.2
  },
  "order_rtt_latency": {
    "count": 10,
    "mean_us": 1265345.7,
    "median_us": 953611.5,
    "min_us": 879417.0,
    "max_us": 2861121.0,
    "p50_us": 998820.0,
    "p90_us": 2861121.0,
    "p99_us": 2861121.0
  }
}